parameter,total,inter_machine,intra_machine,inter_pct,intra_pct
Voltage (V),2612.3004773314497,1582.8581926995842,1136.736397886881,60.592500994239586,43.51476439066054
Amperage (A),37.775607613973285,27.481636182976576,12.650569726181935,72.74968668620716,33.488725993390666
Temperature (°C),289.49948294652444,184.9181413415429,124.60334789977962,63.87511972713972,43.040956975662716
