parameter,total,inter_machine,intra_machine,inter_pct,intra_pct
Voltage (V),2612.3004773314497,1582.8581926995842,1136.736397886881,58.2,41.8
Amperage (A),37.775607613973285,27.481636182976576,12.650569726181935,68.48,31.52
Temperature (°C),289.49948294652444,184.9181413415429,124.60334789977962,59.74,40.26
